Datetime,Water Level (m)
2025-06-12 06:00:00,1.137894
2025-06-12 07:00:00,1.003544
2025-06-12 08:00:00,0.70482635
2025-06-12 09:00:00,0.38041714
2025-06-12 10:00:00,0.11756573
2025-06-12 11:00:00,-0.089432605
2025-06-12 12:00:00,-0.25983185
2025-06-12 13:00:00,-0.3271701
2025-06-12 14:00:00,-0.11537876
2025-06-12 15:00:00,0.31263477
2025-06-12 16:00:00,0.5812254
2025-06-12 17:00:00,0.7337833
2025-06-12 18:00:00,0.7553068
2025-06-12 19:00:00,0.61175
2025-06-12 20:00:00,0.3137072
2025-06-12 21:00:00,0.020105414
2025-06-12 22:00:00,-0.19936715
2025-06-12 23:00:00,-0.3715367
2025-06-13 00:00:00,-0.4980706
2025-06-13 01:00:00,-0.4911265
2025-06-13 02:00:00,-0.101292
2025-06-13 03:00:00,0.3450518
2025-06-13 04:00:00,0.70222914
2025-06-13 05:00:00,0.9935352
2025-06-13 06:00:00,1.151005
2025-06-13 07:00:00,1.1403944
2025-06-13 08:00:00,0.9268099
2025-06-13 09:00:00,0.5849089
2025-06-13 10:00:00,0.293844
2025-06-13 11:00:00,0.06252839
2025-06-13 12:00:00,-0.13569155
2025-06-13 13:00:00,-0.26958
2025-06-13 14:00:00,-0.24890086
2025-06-13 15:00:00,0.099432774
2025-06-13 16:00:00,0.4247625
2025-06-13 17:00:00,0.65070647
2025-06-13 18:00:00,0.7801101
2025-06-13 19:00:00,0.77119946
2025-06-13 20:00:00,0.5828657
2025-06-13 21:00:00,0.2623778
2025-06-13 22:00:00,-0.011287095
2025-06-13 23:00:00,-0.21745718
2025-06-14 00:00:00,-0.38285506
2025-06-14 01:00:00,-0.48543137
2025-06-14 02:00:00,-0.3680179
2025-06-14 03:00:00,0.14263707
2025-06-14 04:00:00,0.5382772
2025-06-14 05:00:00,0.8640445
2025-06-14 06:00:00,1.1063695
2025-06-14 07:00:00,1.2037874
2025-06-14 08:00:00,1.1191279
2025-06-14 09:00:00,0.83217394
2025-06-14 10:00:00,0.50427943
2025-06-14 11:00:00,0.23991917
2025-06-14 12:00:00,0.021010736
2025-06-14 13:00:00,-0.15549468
2025-06-14 14:00:00,-0.2413285
2025-06-14 15:00:00,-0.11400099
2025-06-14 16:00:00,0.2856137
2025-06-14 17:00:00,0.5750826
2025-06-14 18:00:00,0.7746775
2025-06-14 19:00:00,0.8448535
2025-06-14 20:00:00,0.7535814
2025-06-14 21:00:00,0.49259257
2025-06-14 22:00:00,0.16792962
2025-06-14 23:00:00,-0.060116075
2025-06-15 00:00:00,-0.22996122
2025-06-15 01:00:00,-0.36773175
2025-06-15 02:00:00,-0.41050693
2025-06-15 03:00:00,-0.13888906
2025-06-15 04:00:00,0.32914624
2025-06-15 05:00:00,0.68335265
2025-06-15 06:00:00,0.96417326
2025-06-15 07:00:00,1.1547637
2025-06-15 08:00:00,1.1878476
2025-06-15 09:00:00,1.027433
2025-06-15 10:00:00,0.7112228
2025-06-15 11:00:00,0.40810952
2025-06-15 12:00:00,0.17154428
2025-06-15 13:00:00,-0.029989803
2025-06-15 14:00:00,-0.18373156
2025-06-15 15:00:00,-0.208797
2025-06-15 16:00:00,0.043295614
2025-06-15 17:00:00,0.4346719
2025-06-15 18:00:00,0.6804016
2025-06-15 19:00:00,0.83806777
2025-06-15 20:00:00,0.9018675
2025-06-15 21:00:00,0.7989183
2025-06-15 22:00:00,0.5509614
2025-06-15 23:00:00,0.29287994
2025-06-16 00:00:00,0.096218206
2025-06-16 01:00:00,-0.06560154
2025-06-16 02:00:00,-0.17941633
2025-06-16 03:00:00,-0.15739775
2025-06-16 04:00:00,0.18502134
2025-06-16 05:00:00,0.6414742
2025-06-16 06:00:00,0.9839367
2025-06-16 07:00:00,1.2619109
2025-06-16 08:00:00,1.4014065
2025-06-16 09:00:00,1.38347
2025-06-16 10:00:00,1.1623975
2025-06-16 11:00:00,0.8350036
2025-06-16 12:00:00,0.5706747
2025-06-16 13:00:00,0.34069923
2025-06-16 14:00:00,0.15272607
2025-06-16 15:00:00,0.04223727
2025-06-16 16:00:00,0.07163583
2025-06-16 17:00:00,0.37400863
2025-06-16 18:00:00,0.69772506
2025-06-16 19:00:00,0.9146008
2025-06-16 20:00:00,1.0643922
2025-06-16 21:00:00,1.1060809
2025-06-16 22:00:00,0.9905127
2025-06-16 23:00:00,0.72022
2025-06-17 00:00:00,0.46090603
2025-06-17 01:00:00,0.26805732
2025-06-17 02:00:00,0.11684958
2025-06-17 03:00:00,0.031652857
2025-06-17 04:00:00,0.13166748
2025-06-17 05:00:00,0.52574044
2025-06-17 06:00:00,0.88335544
2025-06-17 07:00:00,1.1504039
2025-06-17 08:00:00,1.3474371
2025-06-17 09:00:00,1.4120419
2025-06-17 10:00:00,1.3124013
2025-06-17 11:00:00,1.0342531
2025-06-17 12:00:00,0.7120262
2025-06-17 13:00:00,0.45916992
2025-06-17 14:00:00,0.26453885
2025-06-17 15:00:00,0.11258572
2025-06-17 16:00:00,0.03017153
2025-06-17 17:00:00,0.10499132
2025-06-17 18:00:00,0.40811554
2025-06-17 19:00:00,0.6743453
2025-06-17 20:00:00,0.8895088
2025-06-17 21:00:00,1.0252669
2025-06-17 22:00:00,1.0539922
2025-06-17 23:00:00,0.93986773
2025-06-18 00:00:00,0.68313366
2025-06-18 01:00:00,0.40992466
2025-06-18 02:00:00,0.20830873
2025-06-18 03:00:00,0.055950828
2025-06-18 04:00:00,-0.020888632
2025-06-18 05:00:00,0.10186935
2025-06-18 06:00:00,0.47017232
